27900;qsdfqsdf
27901;fsqd555
27902;      
27903;scoubidou
27900;qsdfqsdf
27901;fsqd555
27902;      
27903;scoubidou
27900;qsdfqsdf
27901;fsqd555
27902;      
27903;scoubidou
27900;qsdfqsdf
27901;fsqd555
27902;      
27903;scoubidou
27900;qsdfqsdf
27901;fsqd555
27902;      
27903;scoubidou
27900;qsdfqsdf
27901;fsqd555
27902;      
27903;scoubidou
27900;qsdfqsdf
27901;fsqd555
27902;      
27903;scoubidou
27907;789665544.....%
27900;qsdfqsdf
27901;fsqd555
27902;      
27903;scoubidou
27907;789665544.....%
27900;qsdfqsdf
27901;fsqd555
27903;scoubidou
27907;789665544.....%
27900;qsdfqsdf
27901;fsqd555
27903;scoubidou
27907;789665544.....%
27900;qsdfqsdf
27901;fsqd555
27902;      
27903;scoubidou
27907;789665544.....%
28000;qsdff
28001;fsdqqsfd
27900;qsdfqsdf
27901;fsqd555
27902;      
27903;scoubidou
27907;789665544.....%
28000;qsdff
28001;fsdqqsfd
28000;qsdff
28001;fsdqqsfd
27900;qsdfqsdf
27901;fsqd555
27902;      
27903;scoubidou
27907;789665544.....%
28000;qsdff
28001;fsdqqsfd
27900;qsdfqsdf
27901;fsqd555
27902;      
27903;scoubidou
27907;789665544.....%
28000;qsdff
28001;fsdqqsfd
28003;       
28004;qsdfqdsf
28000;qsdff
28001;fsdqqsfd
28003;       
28004;qsdfqdsf
28000;qsdff
28001;fsdqqsfd
28003;       
28004;qsdfqdsf
27900;qsdfqsdf
27901;fsqd555
27902;      
27903;scoubidou
27907;789665544.....%
28000;qsdff
28001;fsdqqsfd
28003;qsdf
28004;qsdfqdsf
28000;qsdff
28001;fsdqqsfd
28003;       
28004;qsdfqdsf
27900;qsdfqsdf
27901;fsqd555
27902;      
27903;scoubidou
27907;789665544.....%
28000;qsdff
28001;fsdqqsfd
28003;qsdffdsq
28004;qsdfqdsf
28000;qsdff
28001;fsdqqsfd
28003;       
28004;qsdfqdsf
28000;qsdff
28001;fsdqqsfd
28003;       
28004;qsdfqdsf
28008;qsfd
28000;qsdff
28001;fsdqqsfd
28003;       
28004;qsdfqdsf
28008;qsfd
27900;qsdfqsdf
27901;fsqd555
27902;      
27903;scoubidou
27907;789665544.....%
28000;qsdff
28001;fsdqqsfd
28003;       
28004;qsdfqdsf
28008;qsfd
28000;qsdff
28001;fsdqqsfd
28003;       
28004;qsdfqdsf
28008;qsfd
28009;aaaaaaaaaaaaaaaaaaaaaaaaaaaaaaaaaaaaaaaaaaaaa
28000;qsdff
28001;fsdqqsfd
28003;       
28004;qsdfqdsf
28008;qsfd
28009;aaaaaaaaaaaaaaaaaaaaaaaaaaaaaaaaaaaaaaaaaaaaa
28000;qsdff
28001;fsdqqsfd
28004;qsdfqdsf
28008;qsfd
28009;aaaaaaaaaaaaaaaaaaaaaaaaaaaaaaaaaaaaaaaaaaaaa
28000;qsdff
28001;fsdqqsfd
28003;                                            jjjjj
28004;qsdfqdsf
28008;qsfd
28009;aaaaaaaaaaaaaaaaaaaaaaaaaaaaaaaaaaaaaaaaaaaaa
28000;qsdff
28001;fsdqqsfd
28004;qsdfqdsf
28008;qsfd
28009;aaaaaaaaaaaaaaaaaaaaaaaaaaaaaaaaaaaaaaaaaaaaa
28000;qsdff
28001;fsdqqsfd
28004;qsdfqdsf
28008;qsfd
28009;aaaaaaaaaaaaaaaaaaaaaaaaaaaaaaaaaaaaaaaaaaaaa
28000;qsdff
28001;fsdqqsfd
28004;qsdfqdsf
28008;qsfd
28009;aaaaaaaaaaaaaaaaaaaaaaaaaaaaaaaaaaaaaaaaaaaaa
28000;qsdff
28001;fsdqqsfd
28004;qsdfqdsf
28008;qsfd
28009;aaaaaaaaaaaaaaaaaaaaaaaaaaaaaaaaaaaaaaaaaaaaa
28000;qsdff
28001;fsdqqsfd
28004;qsdfqdsf
28008;qsfd
28009;aaaaaaaaaaaaaaaaaaaaaaaaaaaaaaaaaaaaaaaaaaaaa
28000;qsdff
28001;fsdqqsfd
28004;qsdfqdsf
28008;qsfd
28009;aaaaaaaaaaaaaaaaaaaaaaaaaaaaaaaaaaaaaaaaaaaaa
28000;qsdff
28001;fsdqqsfd
28004;qsdfqdsf
28008;qsfd
28009;aaaaaaaaaaaaaaaaaaaaaaaaaaaaaaaaaaaaaaaaaaaaa
28000;qsdff
28001;fsdqqsfd
28004;qsdfqdsf
28008;qsfd
28009;aaaaaaaaaaaaaaaaaaaaaaaaaaaaaaaaaaaaaaaaaaaaa
28000;qsdff
28001;fsdqqsfd
28004;qsdfqdsf
28008;qsfd
28009;aaaaaaaaaaaaaaaaaaaaaaaaaaaaaaaaaaaaaaaaaaaaa
27900;qsdfqsdf
27901;fsqd555
27903;scoubidou
27907;789665544.....%
28000;qsdff
28001;fsdqqsfd
28004;qsdfqdsf
28008;qsfd
28009;aaaaaaaaaaaaaaaaaaaaaaaaaaaaaaaaaaaaaaaaaaaaa
28200;aaaaaaaaaaaaaaaaaaaaaaaaaaaaaaaaaaaaaaaaaaaaaaaaaaaaaaaaaaaaaaaaaaaaaaaaaaaaaaaaaaaaaaaaaaaaaaaaaaaaaaaaaaaaaaaaaaaaaaaaaaaaaaaaa
28201;azertyuzertyuiozertyuiopzertyuiopzertyuiotyuioàazertyuiazertyuiazertyuiazertyuiazertyuiazertyuioazertyuizertyuiazertyuiozertyuioazertyuioazertyuiopazertyuizertyuioxcvbghnsdfghjsdfghjk< ,dfghjcvbn,
28200;aaaaaaaaaaaaaaaaaaaaaaaaaaaaaaaaaaaaaaaaaaaaaaaaaaaaaaaaaaaaaaaaaaaaaaaaaaaaaaaaaaaaaaaaaaaaaaaaaaaaaaaaaaaaaaaaaaaaaaaaaaaaaaaaa
28201;azertyuzertyuiozertyuiopzertyuiopzertyuiotyuioàazertyuiazertyuiazertyuiazertyuiazertyuiazertyuioazertyuizertyuiazertyuiozertyuioazertyuioazertyuiopazertyuizertyuioxcvbghnsdfghjsdfghjk< ,dfghjcvbn,
28200;aaaaaaaaaaaaaaaaaaaaaaaaaaaaaaaaaaaaaaaaaaaaaaaaaaaaaaaaaaaaaaaaaaaaaaaaaaaaaaaaaaaaaaaaaaaaaaaaaaaaaaaaaaaaaaaaaaaaaaaaaaaaaaaaa
28201;azertyuzertyuiozertyuiopzertyuiopzertyuiotyuioàazertyuiazertyuiazertyuiazertyuiazertyuiazertyuioazertyuizertyuiazertyuiozertyuioazertyuioazertyuiopazertyuizertyuioxcvbghnsdfghjsdfghjk< ,dfghjcvbn,
28202;azertyuzertyuiozertyuiopzertyuiopzertyuiotyuioàazertyuiazertyuiazertyuiazertyuiazertyuiazertyuioazertyuizertyuiazertyuiozertyuioazertyuioazertyuiopazertyuizertyuioxcvbghnsdfghjsdfghjk< ,dfghjcvbn,
28203;azertyuzertyuiozertyuiopzertyuiopzertyuiotyuioàazertyuiazertyuiazertyuiazertyuiazertyuiazertyuioazertyuizertyuiazertyuiozertyuioazertyuioazertyuiopazertyuizertyuioxcvbghnsdfghjsdfghjk< ,dfghjcvbn,
28204;azertyuzertyuiozertyuiopzertyuiopzertyuiotyuioàazertyuiazertyuiazertyuiazertyuiazertyuiazertyuioazertyuizertyuiazertyuiozertyuioazertyuioazertyuiopazertyuizertyuioxcvbghnsdfghjsdfghjk< ,dfghjcvbn,
28205;azertyuzertyuiozertyuiopzertyuiopzertyuiotyuioàazertyuiazertyuiazertyuiazertyuiazertyuiazertyuioazertyuizertyuiazertyuiozertyuioazertyuioazertyuiopazertyuizertyuioxcvbghnsdfghjsdfghjk< ,dfghjcvbn,
28206;azertyuzertyuiozertyuiopzertyuiopzertyuiotyuioàazertyuiazertyuiazertyuiazertyuiazertyuiazertyuioazertyuizertyuiazertyuiozertyuioazertyuioazertyuiopazertyuizertyuioxcvbghnsdfghjsdfghjk< ,dfghjcvbn,
28207;azertyuzertyuiozertyuiopzertyuiopzertyuiotyuioàazertyuiazertyuiazertyuiazertyuiazertyuiazertyuioazertyuizertyuiazertyuiozertyuioazertyuioazertyuiopazertyuizertyuioxcvbghnsdfghjsdfghjk< ,dfghjcvbn,
28208;azertyuzertyuiozertyuiopzertyuiopzertyuiotyuioàazertyuiazertyuiazertyuiazertyuiazertyuiazertyuioazertyuizertyuiazertyuiozertyuioazertyuioazertyuiopazertyuizertyuioxcvbghnsdfghjsdfghjk< ,dfghjcvbn,
28209;azertyuzertyuiozertyuiopzertyuiopzertyuiotyuioàazertyuiazertyuiazertyuiazertyuiazertyuiazertyuioazertyuizertyuiazertyuiozertyuioazertyuioazertyuiopazertyuizertyuioxcvbghnsdfghjsdfghjk< ,dfghjcvbn,
28210;azertyuzertyuiozertyuiopzertyuiopzertyuiotyuioàazertyuiazertyuiazertyuiazertyuiazertyuiazertyuioazertyuizertyuiazertyuiozertyuioazertyuioazertyuiopazertyuizertyuioxcvbghnsdfghjsdfghjk< ,dfghjcvbn,
28211;azertyuzertyuiozertyuiopzertyuiopzertyuiotyuioàazertyuiazertyuiazertyuiazertyuiazertyuiazertyuioazertyuizertyuiazertyuiozertyuioazertyuioazertyuiopazertyuizertyuioxcvbghnsdfghjsdfghjk< ,dfghjcvbn,
28212;azertyuzertyuiozertyuiopzertyuiopzertyuiotyuioàazertyuiazertyuiazertyuiazertyuiazertyuiazertyuioazertyuizertyuiazertyuiozertyuioazertyuioazertyuiopazertyuizertyuioxcvbghnsdfghjsdfghjk< ,dfghjcvbn,
28213;azertyuzertyuiozertyuiopzertyuiopzertyuiotyuioàazertyuiazertyuiazertyuiazertyuiazertyuiazertyuioazertyuizertyuiazertyuiozertyuioazertyuioazertyuiopazertyuizertyuioxcvbghnsdfghjsdfghjk< ,dfghjcvbn,
28214;azertyuzertyuiozertyuiopzertyuiopzertyuiotyuioàazertyuiazertyuiazertyuiazertyuiazertyuiazertyuioazertyuizertyuiazertyuiozertyuioazertyuioazertyuiopazertyuizertyuioxcvbghnsdfghjsdfghjk< ,dfghjcvbn,
28215;azertyuzertyuiozertyuiopzertyuiopzertyuiotyuioàazertyuiazertyuiazertyuiazertyuiazertyuiazertyuioazertyuizertyuiazertyuiozertyuioazertyuioazertyuiopazertyuizertyuioxcvbghnsdfghjsdfghjk< ,dfghjcvbn,
28216;azertyuzertyuiozertyuiopzertyuiopzertyuiotyuioàazertyuiazertyuiazertyuiazertyuiazertyuiazertyuioazertyuizertyuiazertyuiozertyuioazertyuioazertyuiopazertyuizertyuioxcvbghnsdfghjsdfghjk< ,dfghjcvbn,
28217;azertyuzertyuiozertyuiopzertyuiopzertyuiotyuioàazertyuiazertyuiazertyuiazertyuiazertyuiazertyuioazertyuizertyuiazertyuiozertyuioazertyuioazertyuiopazertyuizertyuioxcvbghnsdfghjsdfghjk< ,dfghjcvbn,
28218;azertyuzertyuiozertyuiopzertyuiopzertyuiotyuioàazertyuiazertyuiazertyuiazertyuiazertyuiazertyuioazertyuizertyuiazertyuiozertyuioazertyuioazertyuiopazertyuizertyuioxcvbghnsdfghjsdfghjk< ,dfghjcvbn,
28219;azertyuzertyuiozertyuiopzertyuiopzertyuiotyuioàazertyuiazertyuiazertyuiazertyuiazertyuiazertyuioazertyuizertyuiazertyuiozertyuioazertyuioazertyuiopazertyuizertyuioxcvbghnsdfghjsdfghjk< ,dfghjcvbn,
28220;azertyuzertyuiozertyuiopzertyuiopzertyuiotyuioàazertyuiazertyuiazertyuiazertyuiazertyuiazertyuioazertyuizertyuiazertyuiozertyuioazertyuioazertyuiopazertyuizertyuioxcvbghnsdfghjsdfghjk< ,dfghjcvbn,
28221;azertyuzertyuiozertyuiopzertyuiopzertyuiotyuioàazertyuiazertyuiazertyuiazertyuiazertyuiazertyuioazertyuizertyuiazertyuiozertyuioazertyuioazertyuiopazertyuizertyuioxcvbghnsdfghjsdfghjk< ,dfghjcvbn,
28222;azertyuzertyuiozertyuiopzertyuiopzertyuiotyuioàazertyuiazertyuiazertyuiazertyuiazertyuiazertyuioazertyuizertyuiazertyuiozertyuioazertyuioazertyuiopazertyuizertyuioxcvbghnsdfghjsdfghjk< ,dfghjcvbn,
28223;azertyuzertyuiozertyuiopzertyuiopzertyuiotyuioàazertyuiazertyuiazertyuiazertyuiazertyuiazertyuioazertyuizertyuiazertyuiozertyuioazertyuioazertyuiopazertyuizertyuioxcvbghnsdfghjsdfghjk< ,dfghjcvbn,
28200;aaaaaaaaaaaaaaaaaaaaaaaaaaaaaaaaaaaaaaaaaaaaaaaaaaaaaaaaaaaaaaaaaaaaaaaaaaaaaaaaaaaaaaaaaaaaaaaaaaaaaaaaaaaaaaaaaaaaaaaaaaaaaaaaa
28201;azertyuzertyuiozertyuiopzertyuiopzertyuiotyuioàazertyuiazertyuiazertyuiazertyuiazertyuiazertyuioazertyuizertyuiazertyuiozertyuioazertyuioazertyuiopazertyuizertyuioxcvbghnsdfghjsdfghjk< ,dfghjcvbn,
28202;azertyuzertyuiozertyuiopzertyuiopzertyuiotyuioàazertyuiazertyuiazertyuiazertyuiazertyuiazertyuioazertyuizertyuiazertyuiozertyuioazertyuioazertyuiopazertyuizertyuioxcvbghnsdfghjsdfghjk< ,dfghjcvbn,
28203;azertyuzertyuiozertyuiopzertyuiopzertyuiotyuioàazertyuiazertyuiazertyuiazertyuiazertyuiazertyuioazertyuizertyuiazertyuiozertyuioazertyuioazertyuiopazertyuizertyuioxcvbghnsdfghjsdfghjk< ,dfghjcvbn,
28204;azertyuzertyuiozertyuiopzertyuiopzertyuiotyuioàazertyuiazertyuiazertyuiazertyuiazertyuiazertyuioazertyuizertyuiazertyuiozertyuioazertyuioazertyuiopazertyuizertyuioxcvbghnsdfghjsdfghjk< ,dfghjcvbn,
28205;azertyuzertyuiozertyuiopzertyuiopzertyuiotyuioàazertyuiazertyuiazertyuiazertyuiazertyuiazertyuioazertyuizertyuiazertyuiozertyuioazertyuioazertyuiopazertyuizertyuioxcvbghnsdfghjsdfghjk< ,dfghjcvbn,
28206;azertyuzertyuiozertyuiopzertyuiopzertyuiotyuioàazertyuiazertyuiazertyuiazertyuiazertyuiazertyuioazertyuizertyuiazertyuiozertyuioazertyuioazertyuiopazertyuizertyuioxcvbghnsdfghjsdfghjk< ,dfghjcvbn,
28207;azertyuzertyuiozertyuiopzertyuiopzertyuiotyuioàazertyuiazertyuiazertyuiazertyuiazertyuiazertyuioazertyuizertyuiazertyuiozertyuioazertyuioazertyuiopazertyuizertyuioxcvbghnsdfghjsdfghjk< ,dfghjcvbn,
28208;azertyuzertyuiozertyuiopzertyuiopzertyuiotyuioàazertyuiazertyuiazertyuiazertyuiazertyuiazertyuioazertyuizertyuiazertyuiozertyuioazertyuioazertyuiopazertyuizertyuioxcvbghnsdfghjsdfghjk< ,dfghjcvbn,
28209;azertyuzertyuiozertyuiopzertyuiopzertyuiotyuioàazertyuiazertyuiazertyuiazertyuiazertyuiazertyuioazertyuizertyuiazertyuiozertyuioazertyuioazertyuiopazertyuizertyuioxcvbghnsdfghjsdfghjk< ,dfghjcvbn,
28210;azertyuzertyuiozertyuiopzertyuiopzertyuiotyuioàazertyuiazertyuiazertyuiazertyuiazertyuiazertyuioazertyuizertyuiazertyuiozertyuioazertyuioazertyuiopazertyuizertyuioxcvbghnsdfghjsdfghjk< ,dfghjcvbn,
28211;azertyuzertyuiozertyuiopzertyuiopzertyuiotyuioàazertyuiazertyuiazertyuiazertyuiazertyuiazertyuioazertyuizertyuiazertyuiozertyuioazertyuioazertyuiopazertyuizertyuioxcvbghnsdfghjsdfghjk< ,dfghjcvbn,
28212;azertyuzertyuiozertyuiopzertyuiopzertyuiotyuioàazertyuiazertyuiazertyuiazertyuiazertyuiazertyuioazertyuizertyuiazertyuiozertyuioazertyuioazertyuiopazertyuizertyuioxcvbghnsdfghjsdfghjk< ,dfghjcvbn,
28213;azertyuzertyuiozertyuiopzertyuiopzertyuiotyuioàazertyuiazertyuiazertyuiazertyuiazertyuiazertyuioazertyuizertyuiazertyuiozertyuioazertyuioazertyuiopazertyuizertyuioxcvbghnsdfghjsdfghjk< ,dfghjcvbn,
28214;azertyuzertyuiozertyuiopzertyuiopzertyuiotyuioàazertyuiazertyuiazertyuiazertyuiazertyuiazertyuioazertyuizertyuiazertyuiozertyuioazertyuioazertyuiopazertyuizertyuioxcvbghnsdfghjsdfghjk< ,dfghjcvbn,
28215;azertyuzertyuiozertyuiopzertyuiopzertyuiotyuioàazertyuiazertyuiazertyuiazertyuiazertyuiazertyuioazertyuizertyuiazertyuiozertyuioazertyuioazertyuiopazertyuizertyuioxcvbghnsdfghjsdfghjk< ,dfghjcvbn,
28216;azertyuzertyuiozertyuiopzertyuiopzertyuiotyuioàazertyuiazertyuiazertyuiazertyuiazertyuiazertyuioazertyuizertyuiazertyuiozertyuioazertyuioazertyuiopazertyuizertyuioxcvbghnsdfghjsdfghjk< ,dfghjcvbn,
28217;azertyuzertyuiozertyuiopzertyuiopzertyuiotyuioàazertyuiazertyuiazertyuiazertyuiazertyuiazertyuioazertyuizertyuiazertyuiozertyuioazertyuioazertyuiopazertyuizertyuioxcvbghnsdfghjsdfghjk< ,dfghjcvbn,
28218;azertyuzertyuiozertyuiopzertyuiopzertyuiotyuioàazertyuiazertyuiazertyuiazertyuiazertyuiazertyuioazertyuizertyuiazertyuiozertyuioazertyuioazertyuiopazertyuizertyuioxcvbghnsdfghjsdfghjk< ,dfghjcvbn,
28219;azertyuzertyuiozertyuiopzertyuiopzertyuiotyuioàazertyuiazertyuiazertyuiazertyuiazertyuiazertyuioazertyuizertyuiazertyuiozertyuioazertyuioazertyuiopazertyuizertyuioxcvbghnsdfghjsdfghjk< ,dfghjcvbn,
28220;azertyuzertyuiozertyuiopzertyuiopzertyuiotyuioàazertyuiazertyuiazertyuiazertyuiazertyuiazertyuioazertyuizertyuiazertyuiozertyuioazertyuioazertyuiopazertyuizertyuioxcvbghnsdfghjsdfghjk< ,dfghjcvbn,
28221;azertyuzertyuiozertyuiopzertyuiopzertyuiotyuioàazertyuiazertyuiazertyuiazertyuiazertyuiazertyuioazertyuizertyuiazertyuiozertyuioazertyuioazertyuiopazertyuizertyuioxcvbghnsdfghjsdfghjk< ,dfghjcvbn,
28222;azertyuzertyuiozertyuiopzertyuiopzertyuiotyuioàazertyuiazertyuiazertyuiazertyuiazertyuiazertyuioazertyuizertyuiazertyuiozertyuioazertyuioazertyuiopazertyuizertyuioxcvbghnsdfghjsdfghjk< ,dfghjcvbn,
28223;azertyuzertyuiozertyuiopzertyuiopzertyuiotyuioàazertyuiazertyuiazertyuiazertyuiazertyuiazertyuioazertyuizertyuiazertyuiozertyuioazertyuioazertyuiopazertyuizertyuioxcvbghnsdfghjsdfghjk< ,dfghjcvbn,
28200;aaaaaaaaaaaaaaaaaaaaaaaaaaaaaaaaaaaaaaaaaaaaaaaaaaaaaaaaaaaaaaaaaaaaaaaaaaaaaaaaaaaaaaaaaaaaaaaaaaaaaaaaaaaaaaaaaaaaaaaaaaaaaaaaa
28201;azertyuzertyuiozertyuiopzertyuiopzertyuiotyuioàazertyuiazertyuiazertyuiazertyuiazertyuiazertyuioazertyuizertyuiazertyuiozertyuioazertyuioazertyuiopazertyuizertyuioxcvbghnsdfghjsdfghjk< ,dfghjcvbn,
28202;azertyuzertyuiozertyuiopzertyuiopzertyuiotyuioàazertyuiazertyuiazertyuiazertyuiazertyuiazertyuioazertyuizertyuiazertyuiozertyuioazertyuioazertyuiopazertyuizertyuioxcvbghnsdfghjsdfghjk< ,dfghjcvbn,
28203;azertyuzertyuiozertyuiopzertyuiopzertyuiotyuioàazertyuiazertyuiazertyuiazertyuiazertyuiazertyuioazertyuizertyuiazertyuiozertyuioazertyuioazertyuiopazertyuizertyuioxcvbghnsdfghjsdfghjk< ,dfghjcvbn,
28204;azertyuzertyuiozertyuiopzertyuiopzertyuiotyuioàazertyuiazertyuiazertyuiazertyuiazertyuiazertyuioazertyuizertyuiazertyuiozertyuioazertyuioazertyuiopazertyuizertyuioxcvbghnsdfghjsdfghjk< ,dfghjcvbn,
28205;azertyuzertyuiozertyuiopzertyuiopzertyuiotyuioàazertyuiazertyuiazertyuiazertyuiazertyuiazertyuioazertyuizertyuiazertyuiozertyuioazertyuioazertyuiopazertyuizertyuioxcvbghnsdfghjsdfghjk< ,dfghjcvbn,
28206;azertyuzertyuiozertyuiopzertyuiopzertyuiotyuioàazertyuiazertyuiazertyuiazertyuiazertyuiazertyuioazertyuizertyuiazertyuiozertyuioazertyuioazertyuiopazertyuizertyuioxcvbghnsdfghjsdfghjk< ,dfghjcvbn,
28207;azertyuzertyuiozertyuiopzertyuiopzertyuiotyuioàazertyuiazertyuiazertyuiazertyuiazertyuiazertyuioazertyuizertyuiazertyuiozertyuioazertyuioazertyuiopazertyuizertyuioxcvbghnsdfghjsdfghjk< ,dfghjcvbn,
28208;azertyuzertyuiozertyuiopzertyuiopzertyuiotyuioàazertyuiazertyuiazertyuiazertyuiazertyuiazertyuioazertyuizertyuiazertyuiozertyuioazertyuioazertyuiopazertyuizertyuioxcvbghnsdfghjsdfghjk< ,dfghjcvbn,
28209;azertyuzertyuiozertyuiopzertyuiopzertyuiotyuioàazertyuiazertyuiazertyuiazertyuiazertyuiazertyuioazertyuizertyuiazertyuiozertyuioazertyuioazertyuiopazertyuizertyuioxcvbghnsdfghjsdfghjk< ,dfghjcvbn,
28210;azertyuzertyuiozertyuiopzertyuiopzertyuiotyuioàazertyuiazertyuiazertyuiazertyuiazertyuiazertyuioazertyuizertyuiazertyuiozertyuioazertyuioazertyuiopazertyuizertyuioxcvbghnsdfghjsdfghjk< ,dfghjcvbn,
28211;azertyuzertyuiozertyuiopzertyuiopzertyuiotyuioàazertyuiazertyuiazertyuiazertyuiazertyuiazertyuioazertyuizertyuiazertyuiozertyuioazertyuioazertyuiopazertyuizertyuioxcvbghnsdfghjsdfghjk< ,dfghjcvbn,
28212;azertyuzertyuiozertyuiopzertyuiopzertyuiotyuioàazertyuiazertyuiazertyuiazertyuiazertyuiazertyuioazertyuizertyuiazertyuiozertyuioazertyuioazertyuiopazertyuizertyuioxcvbghnsdfghjsdfghjk< ,dfghjcvbn,
28213;azertyuzertyuiozertyuiopzertyuiopzertyuiotyuioàazertyuiazertyuiazertyuiazertyuiazertyuiazertyuioazertyuizertyuiazertyuiozertyuioazertyuioazertyuiopazertyuizertyuioxcvbghnsdfghjsdfghjk< ,dfghjcvbn,
28214;azertyuzertyuiozertyuiopzertyuiopzertyuiotyuioàazertyuiazertyuiazertyuiazertyuiazertyuiazertyuioazertyuizertyuiazertyuiozertyuioazertyuioazertyuiopazertyuizertyuioxcvbghnsdfghjsdfghjk< ,dfghjcvbn,
28215;azertyuzertyuiozertyuiopzertyuiopzertyuiotyuioàazertyuiazertyuiazertyuiazertyuiazertyuiazertyuioazertyuizertyuiazertyuiozertyuioazertyuioazertyuiopazertyuizertyuioxcvbghnsdfghjsdfghjk< ,dfghjcvbn,
28216;azertyuzertyuiozertyuiopzertyuiopzertyuiotyuioàazertyuiazertyuiazertyuiazertyuiazertyuiazertyuioazertyuizertyuiazertyuiozertyuioazertyuioazertyuiopazertyuizertyuioxcvbghnsdfghjsdfghjk< ,dfghjcvbn,
28217;azertyuzertyuiozertyuiopzertyuiopzertyuiotyuioàazertyuiazertyuiazertyuiazertyuiazertyuiazertyuioazertyuizertyuiazertyuiozertyuioazertyuioazertyuiopazertyuizertyuioxcvbghnsdfghjsdfghjk< ,dfghjcvbn,
28218;azertyuzertyuiozertyuiopzertyuiopzertyuiotyuioàazertyuiazertyuiazertyuiazertyuiazertyuiazertyuioazertyuizertyuiazertyuiozertyuioazertyuioazertyuiopazertyuizertyuioxcvbghnsdfghjsdfghjk< ,dfghjcvbn,
28219;azertyuzertyuiozertyuiopzertyuiopzertyuiotyuioàazertyuiazertyuiazertyuiazertyuiazertyuiazertyuioazertyuizertyuiazertyuiozertyuioazertyuioazertyuiopazertyuizertyuioxcvbghnsdfghjsdfghjk< ,dfghjcvbn,
28220;azertyuzertyuiozertyuiopzertyuiopzertyuiotyuioàazertyuiazertyuiazertyuiazertyuiazertyuiazertyuioazertyuizertyuiazertyuiozertyuioazertyuioazertyuiopazertyuizertyuioxcvbghnsdfghjsdfghjk< ,dfghjcvbn,
28221;azertyuzertyuiozertyuiopzertyuiopzertyuiotyuioàazertyuiazertyuiazertyuiazertyuiazertyuiazertyuioazertyuizertyuiazertyuiozertyuioazertyuioazertyuiopazertyuizertyuioxcvbghnsdfghjsdfghjk< ,dfghjcvbn,
28222;azertyuzertyuiozertyuiopzertyuiopzertyuiotyuioàazertyuiazertyuiazertyuiazertyuiazertyuiazertyuioazertyuizertyuiazertyuiozertyuioazertyuioazertyuiopazertyuizertyuioxcvbghnsdfghjsdfghjk< ,dfghjcvbn,
28223;azertyuzertyuiozertyuiopzertyuiopzertyuiotyuioàazertyuiazertyuiazertyuiazertyuiazertyuiazertyuioazertyuizertyuiazertyuiozertyuioazertyuioazertyuiopazertyuizertyuioxcvbghnsdfghjsdfghjk< ,dfghjcvbn,
28200;aaaaaaaaaaaaaaaaaaaaaaaaaaaaaaaaaaaaaaaaaaaaaaaaaaaaaaaaaaaaaaaaaaaaaaaaaaaaaaaaaaaaaaaaaaaaaaaaaaaaaaaaaaaaaaaaaaaaaaaaaaaaaaaaa
28201;azertyuzertyuiozertyuiopzertyuiopzertyuiotyuioàazertyuiazertyuiazertyuiazertyuiazertyuiazertyuioazertyuizertyuiazertyuiozertyuioazertyuioazertyuiopazertyuizertyuioxcvbghnsdfghjsdfghjk< ,dfghjcvbn,
28202;azertyuzertyuiozertyuiopzertyuiopzertyuiotyuioàazertyuiazertyuiazertyuiazertyuiazertyuiazertyuioazertyuizertyuiazertyuiozertyuioazertyuioazertyuiopazertyuizertyuioxcvbghnsdfghjsdfghjk< ,dfghjcvbn,
28203;azertyuzertyuiozertyuiopzertyuiopzertyuiotyuioàazertyuiazertyuiazertyuiazertyuiazertyuiazertyuioazertyuizertyuiazertyuiozertyuioazertyuioazertyuiopazertyuizertyuioxcvbghnsdfghjsdfghjk< ,dfghjcvbn,
28204;azertyuzertyuiozertyuiopzertyuiopzertyuiotyuioàazertyuiazertyuiazertyuiazertyuiazertyuiazertyuioazertyuizertyuiazertyuiozertyuioazertyuioazertyuiopazertyuizertyuioxcvbghnsdfghjsdfghjk< ,dfghjcvbn,
28205;azertyuzertyuiozertyuiopzertyuiopzertyuiotyuioàazertyuiazertyuiazertyuiazertyuiazertyuiazertyuioazertyuizertyuiazertyuiozertyuioazertyuioazertyuiopazertyuizertyuioxcvbghnsdfghjsdfghjk< ,dfghjcvbn,
28206;azertyuzertyuiozertyuiopzertyuiopzertyuiotyuioàazertyuiazertyuiazertyuiazertyuiazertyuiazertyuioazertyuizertyuiazertyuiozertyuioazertyuioazertyuiopazertyuizertyuioxcvbghnsdfghjsdfghjk< ,dfghjcvbn,
28207;azertyuzertyuiozertyuiopzertyuiopzertyuiotyuioàazertyuiazertyuiazertyuiazertyuiazertyuiazertyuioazertyuizertyuiazertyuiozertyuioazertyuioazertyuiopazertyuizertyuioxcvbghnsdfghjsdfghjk< ,dfghjcvbn,
28208;azertyuzertyuiozertyuiopzertyuiopzertyuiotyuioàazertyuiazertyuiazertyuiazertyuiazertyuiazertyuioazertyuizertyuiazertyuiozertyuioazertyuioazertyuiopazertyuizertyuioxcvbghnsdfghjsdfghjk< ,dfghjcvbn,
28209;azertyuzertyuiozertyuiopzertyuiopzertyuiotyuioàazertyuiazertyuiazertyuiazertyuiazertyuiazertyuioazertyuizertyuiazertyuiozertyuioazertyuioazertyuiopazertyuizertyuioxcvbghnsdfghjsdfghjk< ,dfghjcvbn,
28210;azertyuzertyuiozertyuiopzertyuiopzertyuiotyuioàazertyuiazertyuiazertyuiazertyuiazertyuiazertyuioazertyuizertyuiazertyuiozertyuioazertyuioazertyuiopazertyuizertyuioxcvbghnsdfghjsdfghjk< ,dfghjcvbn,
28211;azertyuzertyuiozertyuiopzertyuiopzertyuiotyuioàazertyuiazertyuiazertyuiazertyuiazertyuiazertyuioazertyuizertyuiazertyuiozertyuioazertyuioazertyuiopazertyuizertyuioxcvbghnsdfghjsdfghjk< ,dfghjcvbn,
28212;azertyuzertyuiozertyuiopzertyuiopzertyuiotyuioàazertyuiazertyuiazertyuiazertyuiazertyuiazertyuioazertyuizertyuiazertyuiozertyuioazertyuioazertyuiopazertyuizertyuioxcvbghnsdfghjsdfghjk< ,dfghjcvbn,
28213;azertyuzertyuiozertyuiopzertyuiopzertyuiotyuioàazertyuiazertyuiazertyuiazertyuiazertyuiazertyuioazertyuizertyuiazertyuiozertyuioazertyuioazertyuiopazertyuizertyuioxcvbghnsdfghjsdfghjk< ,dfghjcvbn,
28214;azertyuzertyuiozertyuiopzertyuiopzertyuiotyuioàazertyuiazertyuiazertyuiazertyuiazertyuiazertyuioazertyuizertyuiazertyuiozertyuioazertyuioazertyuiopazertyuizertyuioxcvbghnsdfghjsdfghjk< ,dfghjcvbn,
28215;azertyuzertyuiozertyuiopzertyuiopzertyuiotyuioàazertyuiazertyuiazertyuiazertyuiazertyuiazertyuioazertyuizertyuiazertyuiozertyuioazertyuioazertyuiopazertyuizertyuioxcvbghnsdfghjsdfghjk< ,dfghjcvbn,
28216;azertyuzertyuiozertyuiopzertyuiopzertyuiotyuioàazertyuiazertyuiazertyuiazertyuiazertyuiazertyuioazertyuizertyuiazertyuiozertyuioazertyuioazertyuiopazertyuizertyuioxcvbghnsdfghjsdfghjk< ,dfghjcvbn,
28217;azertyuzertyuiozertyuiopzertyuiopzertyuiotyuioàazertyuiazertyuiazertyuiazertyuiazertyuiazertyuioazertyuizertyuiazertyuiozertyuioazertyuioazertyuiopazertyuizertyuioxcvbghnsdfghjsdfghjk< ,dfghjcvbn,
28218;azertyuzertyuiozertyuiopzertyuiopzertyuiotyuioàazertyuiazertyuiazertyuiazertyuiazertyuiazertyuioazertyuizertyuiazertyuiozertyuioazertyuioazertyuiopazertyuizertyuioxcvbghnsdfghjsdfghjk< ,dfghjcvbn,
28219;azertyuzertyuiozertyuiopzertyuiopzertyuiotyuioàazertyuiazertyuiazertyuiazertyuiazertyuiazertyuioazertyuizertyuiazertyuiozertyuioazertyuioazertyuiopazertyuizertyuioxcvbghnsdfghjsdfghjk< ,dfghjcvbn,
28220;azertyuzertyuiozertyuiopzertyuiopzertyuiotyuioàazertyuiazertyuiazertyuiazertyuiazertyuiazertyuioazertyuizertyuiazertyuiozertyuioazertyuioazertyuiopazertyuizertyuioxcvbghnsdfghjsdfghjk< ,dfghjcvbn,
28221;azertyuzertyuiozertyuiopzertyuiopzertyuiotyuioàazertyuiazertyuiazertyuiazertyuiazertyuiazertyuioazertyuizertyuiazertyuiozertyuioazertyuioazertyuiopazertyuizertyuioxcvbghnsdfghjsdfghjk< ,dfghjcvbn,
28222;azertyuzertyuiozertyuiopzertyuiopzertyuiotyuioàazertyuiazertyuiazertyuiazertyuiazertyuiazertyuioazertyuizertyuiazertyuiozertyuioazertyuioazertyuiopazertyuizertyuioxcvbghnsdfghjsdfghjk< ,dfghjcvbn,
28223;azertyuzertyuiozertyuiopzertyuiopzertyuiotyuioàazertyuiazertyuiazertyuiazertyuiazertyuiazertyuioazertyuizertyuiazertyuiozertyuioazertyuioazertyuiopazertyuizertyuioxcvbghnsdfghjsdfghjk< ,dfghjcvbn,
28200;aaaaaaaaaaaaaaaaaaaaaaaaaaaaaaaaaaaaaaaaaaaaaaaaaaaaaaaaaaaaaaaaaaaaaaaaaaaaaaaaaaaaaaaaaaaaaaaaaaaaaaaaaaaaaaaaaaaaaaaaaaaaaaaaa
28201;azertyuzertyuiozertyuiopzertyuiopzertyuiotyuioàazertyuiazertyuiazertyuiazertyuiazertyuiazertyuioazertyuizertyuiazertyuiozertyuioazertyuioazertyuiopazertyuizertyuioxcvbghnsdfghjsdfghjk< ,dfghjcvbn,
28202;azertyuzertyuiozertyuiopzertyuiopzertyuiotyuioàazertyuiazertyuiazertyuiazertyuiazertyuiazertyuioazertyuizertyuiazertyuiozertyuioazertyuioazertyuiopazertyuizertyuioxcvbghnsdfghjsdfghjk< ,dfghjcvbn,
28203;azertyuzertyuiozertyuiopzertyuiopzertyuiotyuioàazertyuiazertyuiazertyuiazertyuiazertyuiazertyuioazertyuizertyuiazertyuiozertyuioazertyuioazertyuiopazertyuizertyuioxcvbghnsdfghjsdfghjk< ,dfghjcvbn,
28204;azertyuzertyuiozertyuiopzertyuiopzertyuiotyuioàazertyuiazertyuiazertyuiazertyuiazertyuiazertyuioazertyuizertyuiazertyuiozertyuioazertyuioazertyuiopazertyuizertyuioxcvbghnsdfghjsdfghjk< ,dfghjcvbn,
28205;azertyuzertyuiozertyuiopzertyuiopzertyuiotyuioàazertyuiazertyuiazertyuiazertyuiazertyuiazertyuioazertyuizertyuiazertyuiozertyuioazertyuioazertyuiopazertyuizertyuioxcvbghnsdfghjsdfghjk< ,dfghjcvbn,
28206;azertyuzertyuiozertyuiopzertyuiopzertyuiotyuioàazertyuiazertyuiazertyuiazertyuiazertyuiazertyuioazertyuizertyuiazertyuiozertyuioazertyuioazertyuiopazertyuizertyuioxcvbghnsdfghjsdfghjk< ,dfghjcvbn,
28207;azertyuzertyuiozertyuiopzertyuiopzertyuiotyuioàazertyuiazertyuiazertyuiazertyuiazertyuiazertyuioazertyuizertyuiazertyuiozertyuioazertyuioazertyuiopazertyuizertyuioxcvbghnsdfghjsdfghjk< ,dfghjcvbn,
28208;azertyuzertyuiozertyuiopzertyuiopzertyuiotyuioàazertyuiazertyuiazertyuiazertyuiazertyuiazertyuioazertyuizertyuiazertyuiozertyuioazertyuioazertyuiopazertyuizertyuioxcvbghnsdfghjsdfghjk< ,dfghjcvbn,
28209;azertyuzertyuiozertyuiopzertyuiopzertyuiotyuioàazertyuiazertyuiazertyuiazertyuiazertyuiazertyuioazertyuizertyuiazertyuiozertyuioazertyuioazertyuiopazertyuizertyuioxcvbghnsdfghjsdfghjk< ,dfghjcvbn,
28210;azertyuzertyuiozertyuiopzertyuiopzertyuiotyuioàazertyuiazertyuiazertyuiazertyuiazertyuiazertyuioazertyuizertyuiazertyuiozertyuioazertyuioazertyuiopazertyuizertyuioxcvbghnsdfghjsdfghjk< ,dfghjcvbn,
28211;azertyuzertyuiozertyuiopzertyuiopzertyuiotyuioàazertyuiazertyuiazertyuiazertyuiazertyuiazertyuioazertyuizertyuiazertyuiozertyuioazertyuioazertyuiopazertyuizertyuioxcvbghnsdfghjsdfghjk< ,dfghjcvbn,
28212;azertyuzertyuiozertyuiopzertyuiopzertyuiotyuioàazertyuiazertyuiazertyuiazertyuiazertyuiazertyuioazertyuizertyuiazertyuiozertyuioazertyuioazertyuiopazertyuizertyuioxcvbghnsdfghjsdfghjk< ,dfghjcvbn,
28213;azertyuzertyuiozertyuiopzertyuiopzertyuiotyuioàazertyuiazertyuiazertyuiazertyuiazertyuiazertyuioazertyuizertyuiazertyuiozertyuioazertyuioazertyuiopazertyuizertyuioxcvbghnsdfghjsdfghjk< ,dfghjcvbn,
28214;azertyuzertyuiozertyuiopzertyuiopzertyuiotyuioàazertyuiazertyuiazertyuiazertyuiazertyuiazertyuioazertyuizertyuiazertyuiozertyuioazertyuioazertyuiopazertyuizertyuioxcvbghnsdfghjsdfghjk< ,dfghjcvbn,
28215;azertyuzertyuiozertyuiopzertyuiopzertyuiotyuioàazertyuiazertyuiazertyuiazertyuiazertyuiazertyuioazertyuizertyuiazertyuiozertyuioazertyuioazertyuiopazertyuizertyuioxcvbghnsdfghjsdfghjk< ,dfghjcvbn,
28216;azertyuzertyuiozertyuiopzertyuiopzertyuiotyuioàazertyuiazertyuiazertyuiazertyuiazertyuiazertyuioazertyuizertyuiazertyuiozertyuioazertyuioazertyuiopazertyuizertyuioxcvbghnsdfghjsdfghjk< ,dfghjcvbn,
28217;azertyuzertyuiozertyuiopzertyuiopzertyuiotyuioàazertyuiazertyuiazertyuiazertyuiazertyuiazertyuioazertyuizertyuiazertyuiozertyuioazertyuioazertyuiopazertyuizertyuioxcvbghnsdfghjsdfghjk< ,dfghjcvbn,
28218;azertyuzertyuiozertyuiopzertyuiopzertyuiotyuioàazertyuiazertyuiazertyuiazertyuiazertyuiazertyuioazertyuizertyuiazertyuiozertyuioazertyuioazertyuiopazertyuizertyuioxcvbghnsdfghjsdfghjk< ,dfghjcvbn,
28219;azertyuzertyuiozertyuiopzertyuiopzertyuiotyuioàazertyuiazertyuiazertyuiazertyuiazertyuiazertyuioazertyuizertyuiazertyuiozertyuioazertyuioazertyuiopazertyuizertyuioxcvbghnsdfghjsdfghjk< ,dfghjcvbn,
28220;azertyuzertyuiozertyuiopzertyuiopzertyuiotyuioàazertyuiazertyuiazertyuiazertyuiazertyuiazertyuioazertyuizertyuiazertyuiozertyuioazertyuioazertyuiopazertyuizertyuioxcvbghnsdfghjsdfghjk< ,dfghjcvbn,
28221;azertyuzertyuiozertyuiopzertyuiopzertyuiotyuioàazertyuiazertyuiazertyuiazertyuiazertyuiazertyuioazertyuizertyuiazertyuiozertyuioazertyuioazertyuiopazertyuizertyuioxcvbghnsdfghjsdfghjk< ,dfghjcvbn,
28222;azertyuzertyuiozertyuiopzertyuiopzertyuiotyuioàazertyuiazertyuiazertyuiazertyuiazertyuiazertyuioazertyuizertyuiazertyuiozertyuioazertyuioazertyuiopazertyuizertyuioxcvbghnsdfghjsdfghjk< ,dfghjcvbn,
28223;azertyuzertyuiozertyuiopzertyuiopzertyuiotyuioàazertyuiazertyuiazertyuiazertyuiazertyuiazertyuioazertyuizertyuiazertyuiozertyuioazertyuioazertyuiopazertyuizertyuioxcvbghnsdfghjsdfghjk< ,dfghjcvbn,
28200;aaaaaaaaaaaaaaaaaaaaaaaaaaaaaaaaaaaaaaaaaaaaaaaaaaaaaaaaaaaaaaaaaaaaaaaaaaaaaaaaaaaaaaaaaaaaaaaaaaaaaaaaaaaaaaaaaaaaaaaaaaaaaaaaa
28201;azertyuzertyuiozertyuiopzertyuiopzertyuiotyuioàazertyuiazertyuiazertyuiazertyuiazertyuiazertyuioazertyuizertyuiazertyuiozertyuioazertyuioazertyuiopazertyuizertyuioxcvbghnsdfghjsdfghjk< ,dfghjcvbn,
28202;azertyuzertyuiozertyuiopzertyuiopzertyuiotyuioàazertyuiazertyuiazertyuiazertyuiazertyuiazertyuioazertyuizertyuiazertyuiozertyuioazertyuioazertyuiopazertyuizertyuioxcvbghnsdfghjsdfghjk< ,dfghjcvbn,
28203;azertyuzertyuiozertyuiopzertyuiopzertyuiotyuioàazertyuiazertyuiazertyuiazertyuiazertyuiazertyuioazertyuizertyuiazertyuiozertyuioazertyuioazertyuiopazertyuizertyuioxcvbghnsdfghjsdfghjk< ,dfghjcvbn,
28204;azertyuzertyuiozertyuiopzertyuiopzertyuiotyuioàazertyuiazertyuiazertyuiazertyuiazertyuiazertyuioazertyuizertyuiazertyuiozertyuioazertyuioazertyuiopazertyuizertyuioxcvbghnsdfghjsdfghjk< ,dfghjcvbn,
28205;azertyuzertyuiozertyuiopzertyuiopzertyuiotyuioàazertyuiazertyuiazertyuiazertyuiazertyuiazertyuioazertyuizertyuiazertyuiozertyuioazertyuioazertyuiopazertyuizertyuioxcvbghnsdfghjsdfghjk< ,dfghjcvbn,
28206;azertyuzertyuiozertyuiopzertyuiopzertyuiotyuioàazertyuiazertyuiazertyuiazertyuiazertyuiazertyuioazertyuizertyuiazertyuiozertyuioazertyuioazertyuiopazertyuizertyuioxcvbghnsdfghjsdfghjk< ,dfghjcvbn,
28207;azertyuzertyuiozertyuiopzertyuiopzertyuiotyuioàazertyuiazertyuiazertyuiazertyuiazertyuiazertyuioazertyuizertyuiazertyuiozertyuioazertyuioazertyuiopazertyuizertyuioxcvbghnsdfghjsdfghjk< ,dfghjcvbn,
28208;azertyuzertyuiozertyuiopzertyuiopzertyuiotyuioàazertyuiazertyuiazertyuiazertyuiazertyuiazertyuioazertyuizertyuiazertyuiozertyuioazertyuioazertyuiopazertyuizertyuioxcvbghnsdfghjsdfghjk< ,dfghjcvbn,
28209;azertyuzertyuiozertyuiopzertyuiopzertyuiotyuioàazertyuiazertyuiazertyuiazertyuiazertyuiazertyuioazertyuizertyuiazertyuiozertyuioazertyuioazertyuiopazertyuizertyuioxcvbghnsdfghjsdfghjk< ,dfghjcvbn,
28210;azertyuzertyuiozertyuiopzertyuiopzertyuiotyuioàazertyuiazertyuiazertyuiazertyuiazertyuiazertyuioazertyuizertyuiazertyuiozertyuioazertyuioazertyuiopazertyuizertyuioxcvbghnsdfghjsdfghjk< ,dfghjcvbn,
28211;azertyuzertyuiozertyuiopzertyuiopzertyuiotyuioàazertyuiazertyuiazertyuiazertyuiazertyuiazertyuioazertyuizertyuiazertyuiozertyuioazertyuioazertyuiopazertyuizertyuioxcvbghnsdfghjsdfghjk< ,dfghjcvbn,
28212;azertyuzertyuiozertyuiopzertyuiopzertyuiotyuioàazertyuiazertyuiazertyuiazertyuiazertyuiazertyuioazertyuizertyuiazertyuiozertyuioazertyuioazertyuiopazertyuizertyuioxcvbghnsdfghjsdfghjk< ,dfghjcvbn,
28213;azertyuzertyuiozertyuiopzertyuiopzertyuiotyuioàazertyuiazertyuiazertyuiazertyuiazertyuiazertyuioazertyuizertyuiazertyuiozertyuioazertyuioazertyuiopazertyuizertyuioxcvbghnsdfghjsdfghjk< ,dfghjcvbn,
28214;azertyuzertyuiozertyuiopzertyuiopzertyuiotyuioàazertyuiazertyuiazertyuiazertyuiazertyuiazertyuioazertyuizertyuiazertyuiozertyuioazertyuioazertyuiopazertyuizertyuioxcvbghnsdfghjsdfghjk< ,dfghjcvbn,
28215;azertyuzertyuiozertyuiopzertyuiopzertyuiotyuioàazertyuiazertyuiazertyuiazertyuiazertyuiazertyuioazertyuizertyuiazertyuiozertyuioazertyuioazertyuiopazertyuizertyuioxcvbghnsdfghjsdfghjk< ,dfghjcvbn,
28216;azertyuzertyuiozertyuiopzertyuiopzertyuiotyuioàazertyuiazertyuiazertyuiazertyuiazertyuiazertyuioazertyuizertyuiazertyuiozertyuioazertyuioazertyuiopazertyuizertyuioxcvbghnsdfghjsdfghjk< ,dfghjcvbn,
28217;azertyuzertyuiozertyuiopzertyuiopzertyuiotyuioàazertyuiazertyuiazertyuiazertyuiazertyuiazertyuioazertyuizertyuiazertyuiozertyuioazertyuioazertyuiopazertyuizertyuioxcvbghnsdfghjsdfghjk< ,dfghjcvbn,
28218;azertyuzertyuiozertyuiopzertyuiopzertyuiotyuioàazertyuiazertyuiazertyuiazertyuiazertyuiazertyuioazertyuizertyuiazertyuiozertyuioazertyuioazertyuiopazertyuizertyuioxcvbghnsdfghjsdfghjk< ,dfghjcvbn,
28219;azertyuzertyuiozertyuiopzertyuiopzertyuiotyuioàazertyuiazertyuiazertyuiazertyuiazertyuiazertyuioazertyuizertyuiazertyuiozertyuioazertyuioazertyuiopazertyuizertyuioxcvbghnsdfghjsdfghjk< ,dfghjcvbn,
28220;azertyuzertyuiozertyuiopzertyuiopzertyuiotyuioàazertyuiazertyuiazertyuiazertyuiazertyuiazertyuioazertyuizertyuiazertyuiozertyuioazertyuioazertyuiopazertyuizertyuioxcvbghnsdfghjsdfghjk< ,dfghjcvbn,
28221;azertyuzertyuiozertyuiopzertyuiopzertyuiotyuioàazertyuiazertyuiazertyuiazertyuiazertyuiazertyuioazertyuizertyuiazertyuiozertyuioazertyuioazertyuiopazertyuizertyuioxcvbghnsdfghjsdfghjk< ,dfghjcvbn,
28222;azertyuzertyuiozertyuiopzertyuiopzertyuiotyuioàazertyuiazertyuiazertyuiazertyuiazertyuiazertyuioazertyuizertyuiazertyuiozertyuioazertyuioazertyuiopazertyuizertyuioxcvbghnsdfghjsdfghjk< ,dfghjcvbn,
28223;azertyuzertyuiozertyuiopzertyuiopzertyuiotyuioàazertyuiazertyuiazertyuiazertyuiazertyuiazertyuioazertyuizertyuiazertyuiozertyuioazertyuioazertyuiopazertyuizertyuioxcvbghnsdfghjsdfghjk< ,dfghjcvbn,
28200;aaaaaaaaaaaaaaaaaaaaaaaaaaaaaaaaaaaaaaaaaaaaaaaaaaaaaaaaaaaaaaaaaaaaaaaaaaaaaaaaaaaaaaaaaaaaaaaaaaaaaaaaaaaaaaaaaaaaaaaaaaaaaaaaa
28201;azertyuzertyuiozertyuiopzertyuiopzertyuiotyuioàazertyuiazertyuiazertyuiazertyuiazertyuiazertyuioazertyuizertyuiazertyuiozertyuioazertyuioazertyuiopazertyuizertyuioxcvbghnsdfghjsdfghjk< ,dfghjcvbn,
28202;azertyuzertyuiozertyuiopzertyuiopzertyuiotyuioàazertyuiazertyuiazertyuiazertyuiazertyuiazertyuioazertyuizertyuiazertyuiozertyuioazertyuioazertyuiopazertyuizertyuioxcvbghnsdfghjsdfghjk< ,dfghjcvbn,
28203;azertyuzertyuiozertyuiopzertyuiopzertyuiotyuioàazertyuiazertyuiazertyuiazertyuiazertyuiazertyuioazertyuizertyuiazertyuiozertyuioazertyuioazertyuiopazertyuizertyuioxcvbghnsdfghjsdfghjk< ,dfghjcvbn,
28204;azertyuzertyuiozertyuiopzertyuiopzertyuiotyuioàazertyuiazertyuiazertyuiazertyuiazertyuiazertyuioazertyuizertyuiazertyuiozertyuioazertyuioazertyuiopazertyuizertyuioxcvbghnsdfghjsdfghjk< ,dfghjcvbn,
28205;azertyuzertyuiozertyuiopzertyuiopzertyuiotyuioàazertyuiazertyuiazertyuiazertyuiazertyuiazertyuioazertyuizertyuiazertyuiozertyuioazertyuioazertyuiopazertyuizertyuioxcvbghnsdfghjsdfghjk< ,dfghjcvbn,
28206;azertyuzertyuiozertyuiopzertyuiopzertyuiotyuioàazertyuiazertyuiazertyuiazertyuiazertyuiazertyuioazertyuizertyuiazertyuiozertyuioazertyuioazertyuiopazertyuizertyuioxcvbghnsdfghjsdfghjk< ,dfghjcvbn,
28207;azertyuzertyuiozertyuiopzertyuiopzertyuiotyuioàazertyuiazertyuiazertyuiazertyuiazertyuiazertyuioazertyuizertyuiazertyuiozertyuioazertyuioazertyuiopazertyuizertyuioxcvbghnsdfghjsdfghjk< ,dfghjcvbn,
28208;azertyuzertyuiozertyuiopzertyuiopzertyuiotyuioàazertyuiazertyuiazertyuiazertyuiazertyuiazertyuioazertyuizertyuiazertyuiozertyuioazertyuioazertyuiopazertyuizertyuioxcvbghnsdfghjsdfghjk< ,dfghjcvbn,
28209;azertyuzertyuiozertyuiopzertyuiopzertyuiotyuioàazertyuiazertyuiazertyuiazertyuiazertyuiazertyuioazertyuizertyuiazertyuiozertyuioazertyuioazertyuiopazertyuizertyuioxcvbghnsdfghjsdfghjk< ,dfghjcvbn,
28210;azertyuzertyuiozertyuiopzertyuiopzertyuiotyuioàazertyuiazertyuiazertyuiazertyuiazertyuiazertyuioazertyuizertyuiazertyuiozertyuioazertyuioazertyuiopazertyuizertyuioxcvbghnsdfghjsdfghjk< ,dfghjcvbn,
28211;azertyuzertyuiozertyuiopzertyuiopzertyuiotyuioàazertyuiazertyuiazertyuiazertyuiazertyuiazertyuioazertyuizertyuiazertyuiozertyuioazertyuioazertyuiopazertyuizertyuioxcvbghnsdfghjsdfghjk< ,dfghjcvbn,
28212;azertyuzertyuiozertyuiopzertyuiopzertyuiotyuioàazertyuiazertyuiazertyuiazertyuiazertyuiazertyuioazertyuizertyuiazertyuiozertyuioazertyuioazertyuiopazertyuizertyuioxcvbghnsdfghjsdfghjk< ,dfghjcvbn,
28213;azertyuzertyuiozertyuiopzertyuiopzertyuiotyuioàazertyuiazertyuiazertyuiazertyuiazertyuiazertyuioazertyuizertyuiazertyuiozertyuioazertyuioazertyuiopazertyuizertyuioxcvbghnsdfghjsdfghjk< ,dfghjcvbn,
28214;azertyuzertyuiozertyuiopzertyuiopzertyuiotyuioàazertyuiazertyuiazertyuiazertyuiazertyuiazertyuioazertyuizertyuiazertyuiozertyuioazertyuioazertyuiopazertyuizertyuioxcvbghnsdfghjsdfghjk< ,dfghjcvbn,
28215;azertyuzertyuiozertyuiopzertyuiopzertyuiotyuioàazertyuiazertyuiazertyuiazertyuiazertyuiazertyuioazertyuizertyuiazertyuiozertyuioazertyuioazertyuiopazertyuizertyuioxcvbghnsdfghjsdfghjk< ,dfghjcvbn,
28216;azertyuzertyuiozertyuiopzertyuiopzertyuiotyuioàazertyuiazertyuiazertyuiazertyuiazertyuiazertyuioazertyuizertyuiazertyuiozertyuioazertyuioazertyuiopazertyuizertyuioxcvbghnsdfghjsdfghjk< ,dfghjcvbn,
28217;azertyuzertyuiozertyuiopzertyuiopzertyuiotyuioàazertyuiazertyuiazertyuiazertyuiazertyuiazertyuioazertyuizertyuiazertyuiozertyuioazertyuioazertyuiopazertyuizertyuioxcvbghnsdfghjsdfghjk< ,dfghjcvbn,
28218;azertyuzertyuiozertyuiopzertyuiopzertyuiotyuioàazertyuiazertyuiazertyuiazertyuiazertyuiazertyuioazertyuizertyuiazertyuiozertyuioazertyuioazertyuiopazertyuizertyuioxcvbghnsdfghjsdfghjk< ,dfghjcvbn,
28219;azertyuzertyuiozertyuiopzertyuiopzertyuiotyuioàazertyuiazertyuiazertyuiazertyuiazertyuiazertyuioazertyuizertyuiazertyuiozertyuioazertyuioazertyuiopazertyuizertyuioxcvbghnsdfghjsdfghjk< ,dfghjcvbn,
28220;azertyuzertyuiozertyuiopzertyuiopzertyuiotyuioàazertyuiazertyuiazertyuiazertyuiazertyuiazertyuioazertyuizertyuiazertyuiozertyuioazertyuioazertyuiopazertyuizertyuioxcvbghnsdfghjsdfghjk< ,dfghjcvbn,
28221;azertyuzertyuiozertyuiopzertyuiopzertyuiotyuioàazertyuiazertyuiazertyuiazertyuiazertyuiazertyuioazertyuizertyuiazertyuiozertyuioazertyuioazertyuiopazertyuizertyuioxcvbghnsdfghjsdfghjk< ,dfghjcvbn,
28222;azertyuzertyuiozertyuiopzertyuiopzertyuiotyuioàazertyuiazertyuiazertyuiazertyuiazertyuiazertyuioazertyuizertyuiazertyuiozertyuioazertyuioazertyuiopazertyuizertyuioxcvbghnsdfghjsdfghjk< ,dfghjcvbn,
28223;azertyuzertyuiozertyuiopzertyuiopzertyuiotyuioàazertyuiazertyuiazertyuiazertyuiazertyuiazertyuioazertyuizertyuiazertyuiozertyuioazertyuioazertyuiopazertyuizertyuioxcvbghnsdfghjsdfghjk< ,dfghjcvbn,
28200;aaaaaaaaaaaaaaaaaaaaaaaaaaaaaaaaaaaaaaaaaaaaaaaaaaaaaaaaaaaaaaaaaaaaaaaaaaaaaaaaaaaaaaaaaaaaaaaaaaaaaaaaaaaaaaaaaaaaaaaaaaaaaaaaa
28201;azertyuzertyuiozertyuiopzertyuiopzertyuiotyuioàazertyuiazertyuiazertyuiazertyuiazertyuiazertyuioazertyuizertyuiazertyuiozertyuioazertyuioazertyuiopazertyuizertyuioxcvbghnsdfghjsdfghjk< ,dfghjcvbn,
28202;azertyuzertyuiozertyuiopzertyuiopzertyuiotyuioàazertyuiazertyuiazertyuiazertyuiazertyuiazertyuioazertyuizertyuiazertyuiozertyuioazertyuioazertyuiopazertyuizertyuioxcvbghnsdfghjsdfghjk< ,dfghjcvbn,
28203;azertyuzertyuiozertyuiopzertyuiopzertyuiotyuioàazertyuiazertyuiazertyuiazertyuiazertyuiazertyuioazertyuizertyuiazertyuiozertyuioazertyuioazertyuiopazertyuizertyuioxcvbghnsdfghjsdfghjk< azertyuzertyuiozertyuiopzertyuiopzertyuiotyuioàazertyuiazertyuiazertyuiazertyuiazertyuiazertyuioazertyuizertyuiazertyuiozertyuioazertyuioazertyuiopazertyuizertyuioxcvbghnsdfghjsdfghjk< azertyuzertyuiozertyuiopzertyuiopzertyuiotyuioàazertyuiazertyuiazertyuiazertyuiazertyuiazertyuioazertyuizertyuiazertyuiozertyuioazertyuioazertyuiopazertyuizertyuioxcvbghnsdfghjsdfghjk< azertyuzertyuiozertyuiopzertyuiopzertyuiotyuioàazertyuiazertyuiazertyuiazertyuiazertyuiazertyuioazertyuizertyuiazertyuiozertyuioazertyuioazertyuiopazertyuizertyuioxcvbghnsdfghjsdfghjk< azertyuzertyuiozertyuiopzertyuiopzertyuiotyuioàazertyuiazertyuiazertyuiazertyuiazertyuiazertyuioazertyuizertyuiazertyuzertyuiozertyuiopzertyuiopzertyuiotyuioàazertyuiazertyuiazertyuiazertyuiazertyuiazertyuioazertyuizertyuiazertyuiozertyuioazertyuioazertyuiopazertyuizertyuioxcvbghnsdfghjsdfghjk< azertyuzertyuiozertyuiopzertyuiopzertyuiotyuioàazertyuiazertyuiazertyuiazertyuiazertyuiazertyuioazertyuizertyuiazertyuiozertyuioazertyuioazertyuiopazertyuizertyuioxcvbghnsdfghjsdfghjk< azertyuzertyuiozertyuiopzertyuiopzertyuiotyuioàazertyuiazertyuiazertyuiazertyuiazertyuiazertyuioazertyuizertyuiazertyuiozertyuioazertyuioazertyuiopazertyuizertyuioxcvbghnsdfghjsdfghjk< azertyuzertyuiozertyuiopzertyuiopzertyuiotyuioàazertyuiazertyuiazertyuiazertyuiazertyuiazertyuioazertyuizertyuiazertyuiozertyuioazertyuioazertyuiopazertyuizertyuioxcvbghnsdfghjsdfghjk< iopazertyuizertyuioxcvbghnsdfghjsdfghjk< iopazertyuizertyuioxcvbghnsdfghjsdfghjk< azertyuiozertyuioazertyuioazertyuiopazertyuizertyuioxcvbghnsdfghjsdfghjk< ,dfghjcvbn,
28204;azertyuzertyuiozertyuiopzertyuiopzertyuiotyuioàazertyuiazertyuiazertyuiaazertyuzertyuiozertyuiopzertyuiopzertyuiotyuioàazertyuiazertyuiazertyuiazertyuiazertyuiazertyuioazertyuizertyuiazertyuiozertyuioazertyuioazertyuiopazertyuizertyuioxcvbghnsdfghjsdfghjk< azertyuzertyuiozertyuiopzertyuiopzertyuiotyuioàazertyuiazertyuiazertyuiazertyuiazertyuiazertyuioazertyuizertyuiazertyuiozertyuioazertyuioazertyuiopazertyuizertyuioxcvbghnsdfghjsdfghjk< azertyuzertyuiozertyuiopzertyuiopzertyuiotyuioàazertyuiazertyuiazertyuiazertyuiazertyuiazertyuioazertyuizertyuiazertyuiozertyuioazertyuioazertyuiopazertyuizertyuioxcvbghnsdfghjsdfghjk< azertyuzertyuiozertyuiopzertyuiopzertyuiotyuioàazertyuiazertyuiazertyuiazertyuiazertyuiazertyuioazertyuizertyuiazertyuiozertyuioazertyuioazertyuiopazertyuizertyuioxcvbghnsdfghjsdfghjk< azertyuzertyuiozertyuiopzertyuiopzertyuiotyuioàazertyuiazertyuiazertyuiazertyuiazertyuiazertyuioazertyuizertyuiazertyuiozertyuioazertyuioazertyuiopazertyuizertyuioxcvbghnsdfghjsdfghjk< azertyuzertyuiozertyuiopzertyuiopzertyuiotyuioàazertyuiazertyuiazertyuiazertyuiazertyuiazertyuioazertyuizertyuiazertyuiozertyuioazertyuioazertyuiopazertyuizertyuioxcvbghnsdfghjsdfghjk< azertyuzertyuiozertyuiopzertyuiopzertyuiotyuioàazertyuiazertyuiazertyuiazertyuiazertyuiazertyuioazertyuizertyuiazertyuiozertyuioazertyuioazertyuiopazertyuizertyuioxcvbghnsdfghjsdfghjk< zertyuiazertyuiazertyuioazertyuizertyuiazertyuiozertyuioazertyuioazertyuiopazertyuizertyuioxcvbghnsdfghjsdfghjk< ,dfghjcvbn,
28205;azertyuzertyuiozertyuiopzertyuiopzertyuiotyuioàazertyuiazertyuiazertyuiaazertyuzertyuiozertyuiopzertyuiopzertyuiotyuioàazertyuiazertyuiazertyuiazertyuiazertyuiazertyuioazertyuizertyuiazertyuiozertyuioazertyuioazertyuiopazertyuizertyuioxcvbghnsdfghjsdfghjk< zertyuiazertyuiazertyuioazertyuizertyuiazertyuiozertyuioazertyuioazertyuiopazertyuizertyuioxcvbghnsdfghjsdfghjk< ,dfghjcvbn,
28206;azertyuzertyuiozertyuiopzertyuiopzertyuiotyuioàazertyuiazertyuiazertyuiaazertyuzertyuiozertyuiopzertyuiopzertyuiotyuioàazertyuiazertyuiazertyuiazertyuiazertyuiazertyuioazertyuizertyuiazertyuiozertyuioazertyazertyuzertyuiozertyuiopzertyuiopzertyuiotyuioàazertyuiazertyuiazertyuiazertyuiazertyuiazertyuioazertyuizertyuiazertyuiozertyuioazertazertyuzertyuiozertyuiopzertyuiopzertyuiotyuioàazertyuiazertyuiazertyuiazertyuiazertyuiazertyuioazertyuizertyuiazertyuiozertyuioazertyuioazertyuiopazertyuizertyuioxcvbghnsdfghjsdfghjk< yuioazertyuiopazertyuizertyuioxcvbghnsdfghjsdfghjk< uioazertyuiopazertyuizertyuioxcvbghnsdfghjsdfghjk< zertyuiazertyuiazertyuioazertyuizertyuiazertyuiozertyuioazertyuioazertyuiopazertyuizertyuioxcvbghnsdfghjsdfghjk< ,dfghjcvbn,
28207;azertyuzertyuiozertyuiopzertyuiopzertyuiotyuioàazertyuiazertyuiazazertyuzertyuiozertyuiopzertyuiopzertyuiotyuioàazertyuiazertyuiazertyuiazertyuiazertyuiazertyuioazertyuizertyuiazertyuiozertyuioazazertyuzertyuiozertyuiopzertyuiopzertyuiotyuioàazertyuiazertyuiazertyuiazertyuiazertyuiazertyuioazertyuizertyuiazertyuiozertyuioazertyuioazertyuiopazertyuizertyuioxcvbghnsdfghjsdfghjk< ertyuioazertyuiopazertyuizertyuioxcvbghnsdfghjsdfghjk< ertyuiazertyuiazertyuiazertyuioazertyuizertyuiazertyuiozertyuioazertyuioazertyuiopazertyuizertyuioxcvbghnsdfghjsdfghjk< ,dfghjcvbn,
28208;azertyuzertyuiozertyuiopzertyuiopzertyuiotyuioàazertyuiazertyuiazazertyuzertyuiozertyuiopzertyuiopzertyuiotyuioàazertyuiazertyuiazertyuiazertyuiazertyuiazertyuioazertyuizertyuiazertyuiozertyuioazertyuioazertyuiopazertyuizertyuioxcvbghnsdfghjsdfghjk< azertyuzertyuiozertyuiopzertyuiopzertyuiotyuioàazertyuiazertyuiazertyuiazertyuiazertyuiazertyuioazertyuizertyuiazertyuiozertyuioazerazertyuzertyuiozertyuiopzertyuiopzertyuiotyuioàazertyuiazertyuiazertyuiazertyuiazertyuiazertyuioazertyuizertyuiazertyuiozertyuioazerazertyuzertyuiozertyuiopzertyuiopzertyuiotyuioàazertyuiazertyuiazertyuiazertyuiazertyuiazertyuioazertyuizertyuiazertyuiozertyuioazertyuioazertyuiopazertyuizertyuioxcvbghnsdfghjsdfghjk< tyuioazertyuiopazertyuizertyuioxcvbghnsdfghjsdfghjk< tyuioazertyuiopazertyuizertyuioxcvbghnsdfghjsdfghjk< ertyuiazertyuiazertyuiazertyuioazertyuizertyuiazertyuiozertyuioazertyuioazertyuiopazertyuizertyuioxcvbghnsdfghjsdfghjk< ,dfghjcvbn,
28209;azertyuzertyuiozertyuiopzertyuiopzertyuiotyuioàazertyuiazertyuiaazertyuzertyuiozertyuiopzertyuiopzertyuiotyuioàazertyuiazertyuiazertyuiazertyuiazertyuiazertyuioazertyuizertyuiazertyuiozertyuioazertyuioazertyuiopazertyuizertyuioxcvbghnsdfghjsdfghjk< zertyuiazertyuiazertyuiazertyuioazertyuizertyuiazertyuiozertyuioazertyuioazertyuiopazertyuizertyuioxcvbghnsdfghjsdfghjk< ,dfghjcvbn,
28210;azertyuzertyuiozertyuiopzertyuiopzertyuiotyuioàazertyuiazertyuiazertyuiazertyuiazertyuiazertyuioazertyuizertyuiazertyuiozertyuioazertyuioazertyuiopazertyuizertyuioxcvbghnsdfghjsdfghjk< ,dfghjcvbn,
28211;azertyuzertyuiozertyuiopzertyuiopzertyuiotyuioàazertyuiazertyuiazertyuiazertyuiazertyuiazertyuioazertyuizertyuiazertyuiozertyuioazertyuioazertyuiopazertyuizertyuioxcvbghnsdfghjsdfghjk< ,dfghjcvbn,
28212;azertyuzertyuiozertyuiopzertyuiopzertyuiotyuioàazertyuiazertyuiazertyuiazertyuiazertyuiazertyuioazertyuizertyuiazertyuiozertyuioazertyuioazertyuiopazertyuizertyuioxcvbghnsdfghjsdfghjk< ,dfghjcvbn,
28213;azertyuzertyuiozertyuiopzertyuiopzertyuiotyuioàazertyuiazertyuiazertyuiazertyuiazertyuiazertyuioazertyuizertyuiazertyuiozertyuioazertyuioazertyuiopazertyuizertyuioxcvbghnsdfghjsdfghjk< ,dfghjcvbn,
28214;azertyuzertyuiozertyuiopzertyuiopzertyuiotyuioàazertyuiazertyuiazertyuiazertyuiazertyuiazertyuioazertyuizertyuiazertyuiozertyuioazertyuioazertyuiopazertyuizertyuioxcvbghnsdfghjsdfghjk< ,dfghjcvbn,
28215;azertyuzertyuiozertyuiopzertyuiopzertyuiotyuioàazertyuiazertyuiazertyuiazertyuiazertyuiazertyuioazertyuizertyuiazertyuiozertyuioazertyuioazertyuiopazertyuizertyuioxcvbghnsdfghjsdfghjk< ,dfghjcvbn,
28216;azertyuzertyuiozertyuiopzertyuiopzertyuiotyuioàazertyuiazertyuiazertyuiazertyuiazertyuiazertyuioazertyuizertyuiazertyuiozertyuioazertyuioazertyuiopazertyuizertyuioxcvbghnsdfghjsdfghjk< ,dfghjcvbn,
28217;azertyuzertyuiozertyuiopzertyuiopzertyuiotyuioàazertyuiazertyuiaazertyuzertyuiozertyuiopzertyuiopzertyuiotyuioàazertyuiazertyuiazertyuiazertyuiazertyuiazertyuioazertyuizertyuiazertyuiozertyuioazertyuioazertyuiopazertyuizertyuioxcvbghnsdfghjsdfghjk< zertyuiazertyuiazertyuiazertyuioazertyuizertyuiazertyuiozertyuioazertyuioazertyuiopazertyuizertyuioxcvbghnsdfghjsdfghjk< ,dfghjcvbn,
28218;azertyuzertyuiozertyuiopzertyuiopzertyuiotyuioàazertyuiazertyuiazertyuiazertyuiazertyuiazertyuioazertyuizertyuiazertyuiozertyuioazertyuioazertyuiopazertyuizertyuioxcvbghnsdfghjsdfghjk< ,dfghjcvbn,
28219;azertyuzertyuiozertyuiopzertyuiopzertyuiotyuioàazertyuiazertyuiazeazertyuzertyuiozertyuiopzertyuiopzertyuiotyuioàazertyuiazertyuiazertyuiazertyuiazertyuiazertyuioazertyuizertyuiazertyuiozertyuioazertyuioazertyuiopazertyuizertyuioxcvbghnsdfghjsdfghjk< rtyuiazertyuiazertyuiazertyuioazertyuizertyuiazertyuiozertyuioazertyuioazertyuiopazertyuizertyuioxcvbghnsdfghjsdfghjk< ,dfghjcvbn,
28220;azertyuzertyuiozertyuiopzertyuiopzertyuiotyuioàazertyuiazertyuiazertyuiazertyuiazertyuiazertyuioazertyuizertyuiazertyuiozertyuioazertyuioazertyuiopazertyuizertyuioxcvbghnsdfghjsdfghjk< ,dfghjcvbn,
28221;azertyuzertyuiozertyuiopzertyuiopzertyuiotyuioàazertyuiazertyuiaazertyuzertyuiozertyuiopzertyuiopzertyuiotyuioàazertyuiazertyuiazertyuiazertyuiazertyuiazertyuioazertyuizertyuiazertyuiozertyuioazerazertyuzertyuiozertyuiopzertyuiopzertyuiotyuioàazertyuiazertyuiazertyuiazertyuiazertyuiazertyuioazertyuizertyuiazertyuiozertyuioazeazertyuzertyuiozertyuiopzertyuiopzertyuiotyuioàazertyuiazertyuiazertyuiazertyuiazertyuiazertyuioazertyuizertyuiazertyuiozertyuioazertyuioazertyuiopazertyuizertyuioxcvbghnsdfghjsdfghjk< rtyuioazertyuiopazertyuizertyuioxcvbghnsdfghjsdfghjk< tyuioazertyuiopazertyuizertyuioxcvbghnsdfghjsdfghjk< zertyuiazertyuiazertyuiazertyuioazertyuizertyuiazertyuiozertyuioazertyuioazertyuiopazertyuizertyuioxcvbghnsdfghjsdfghjk< ,dfghjcvbn,
28222;azertyuzertyuiozertyuiopzertyuiopzertyuiotyuioàazertyuiazerazertyuzertyuiozertyuiopzertyuiopzertyuiotyuioàazertyuiazertyuiazertyuiazertyuiazertyuiazertyuioazertyuizertyuiazertyuiozertyuioazertyuioazertyuiopazertyuizertyuioxcvbghnsdfghjsdfghjk< tyuiazertyuiazertyuiazertyuiazertyuioazertyuizertyuiazertyuiozertyuioazertyuioazertyuiopazertyuizertyuioxcvbghnsdfghjsdfghjk< ,dfghjcvbn,
28223;azertyuzertyuiozertyuiopzertyuiopzertyuiotyuioàazertyuiazeazertyuzertyuiozertyuiopzertyuiopzertyuiotyuioàazertyuiazertyuiazertyuiazertyuiazertyuiazertyuioazertyuizertyuiazertyuiozertyuioazertyuioazertyuiopazertyuizertyuioxcvbghnsdfghjsdfghjk< rtyuiazertyuiazertyuiazertyuiazertyuioazertyuizertyuiazertyuiozertyuioazertyuioazertyuiopazertyuizertyuioxcvbghnsdfghjsdfghjk< ,dfghjcvbn,
28200;aaaaaaaaaaaaaaaaaaaaaaaaaaaaaaaaaaaaaaaaaaaaaaaaaaaaaaaaaaaaaaaaaaaaaaaaaaaaaaaaaaaaaaaaaaaaaaaaaaaaaaaaaaaaaaaaaaaaaaaaaaaaaaaaa
28201;azertyuzertyuiozertyuiopzertyuiopzertyuiotyuioàazertyuiazertyuiazertyuiazertyuiazertyuiazertyuioazertyuizertyuiazertyuiozertyuioazertyuioazertyuiopazertyuizertyuioxcvbghnsdfghjsdfghjk< ,dfghjcvbn,
28202;azertyuzertyuiozertyuiopzertyuiopzertyuiotyuioàazertyuiazertyuiazertyuiazertyuiazertyuiazertyuioazertyuizertyuiazertyuiozertyuioazertyuioazertyuiopazertyuizertyuioxcvbghnsdfghjsdfghjk< ,dfghjcvbn,
28203;azertyuzertyuiozertyuiopzertyuiopzertyuiotyuioàazertyuiazertyuiazertyuiazertyuiazertyuiazertyuioazertyuizertyuiazertyuiozertyuioazertyuioazertyuiopazertyuizertyuioxcvbghnsdfghjsdfghjk< ,dfghjcvbn,
28204;azertyuzertyuiozertyuiopzertyuiopzertyuiotyuioàazertyuiazertyuiazertyuiazertyuiazertyuiazertyuioazertyuizertyuiazertyuiozertyuioazertyuioazertyuiopazertyuizertyuioxcvbghnsdfghjsdfghjk< ,dfghjcvbn,
28205;azertyuzertyuiozertyuiopzertyuiopzertyuiotyuioàazertyuiazertyuiazertyuiazertyuiazertyuiazertyuioazertyuizertyuiazertyuiozertyuioazertyuioazertyuiopazertyuizertyuioxcvbghnsdfghjsdfghjk< ,dfghjcvbn,
28206;azertyuzertyuiozertyuiopzertyuiopzertyuiotyuioàazertyuiazertyuiazertyuiazertyuiazertyuiazertyuioazertyuizertyuiazertyuiozertyuioazertyuioazertyuiopazertyuizertyuioxcvbghnsdfghjsdfghjk< ,dfghjcvbn,
28207;azertyuzertyuiozertyuiopzertyuiopzertyuiotyuioàazertyuiazertyuiazertyuiazertyuiazertyuiazertyuioazertyuizertyuiazertyuiozertyuioazertyuioazertyuiopazertyuizertyuioxcvbghnsdfghjsdfghjk< izertyuioxcvbghnsdfghjsdfghjk< izertyuioxcvbghazertyuzertyuiozertyuiopzertyuiopzertyuiotyuioàazertyuiazertyuiazertyuiazertyuiazertyuiazertyuioazertyuizertyuiazertyuiozertyuioazertyuioazertyuiopazertyuazertyuzertyuiozertyuiopzertyuiopzertyuiotyuioàazertyuiazertyuiazertyuiazertyuiazertyuiazertyuioazertyuizertyuiazertyuiozertyuioazertyuioazertyuiopazertyuazertyuzertyuiozertyuiopzertyuiopzertyuiotyuioàazertyuiazertyuiazertyuiazertyuiazertyuiazertyuioazertyuizertyuiazertyuiozertyuioazertyuioazertyuiopazertyuazertyuzertyuiozertyuiopzertyuiopzertyuiotyuioàazertyuiazertyuiazertyuiazertyuiazertyuiazertyuioazertyuizertyuiazertyuiozertyuioazertyuioazertyuiopazertyuizertyuioxcvbghnsdfghjsdfghjk< izertyuioxcvbghnsdfghjsdfghjk< izertyuioxcvbghnsdfghjsdfghjk< izertyuioxcvbghnsdfghjsdfghjk< nsdfghjsdfghjk< izertyuioxcvbghnsdfghjsdfghjk< zertyuioazertyuizertyuiazertyuiozertyuioazertyuioazertyuiopazertyuizertyuioxcvbghnsdfghjsdfghjk< ,dfghjcvbn,
28208;azertyuzertyuiozertyuiopzertyuiopzertyuiotyuioàazertyuiazertyuiazertyuiazertyuiazertyuiazertyuioazertyuizertyuiazertyuiozertyuioazertyuioazertyuiopazertyuizertyuioxcvbghnsdfghjsdfghjk< ,dfghjcvbn,
28209;azertyuzertyuiozertyuiopzertyuiopzertyuiotyuioàazertyuiazertyuiazertyuiazertyuiazertyuiazertyuioazertyuizertyuiazertyuiozertyuioazertyuioazertyuiopazertyuizertyuioxcvbghnsdfghjsdfghjk< ,dfghjcvbn,
28210;azertyuzertyuiozertyuiopzertyuiopzertyuiotyuioàazertyuiazertyuiazertyuiazertyuiazertyuiazertyuioazertyuizertyuiazertyuiozertyuioazertyuioazertyuiopazertyuizertyuioxcvbghnsdfghjsdfghjk< ,dfghjcvbn,
28211;azertyuzertyuiozertyuiopzertyuiopzertyuiotyuioàazertyuiazertyuiazertyuiazertyuiazertyuiazertyuioazertyuizertyuiazertyuiozertyuioazertyuioazertyuiopazertyuizertyuioxcvbghnsdfghjsdfghjk< ,dfghjcvbn,
28212;azertyuzertyuiozertyuiopzertyuiopzertyuiotyuioàazertyuiazertyuiazertyuiazertyuiazertyuiazertyuioazertyuizertyuiazertyuiozertyuioazertyuioazertyuiopazertyuizertyuioxcvbghnsdfghjsdfghjk< ,dfghjcvbn,
28213;azertyuzertyuiozertyuiopzertyuiopzertyuiotyuioàazertyuiazertyuiazertyuiazertyuiazertyuiazertyuioazertyuizertyuiazertyuiozertyuioazertyuioazertyuiopazertyuizertyuioxcvbghnsdfghjsdfghjk< ,dfghjcvbn,
28214;azertyuzertyuiozertyuiopzertyuiopzertyuiotyuioàazertyuiazertyuiazertyuiazertyuiazertyuiazertyuioazertyuizertyuiazertyuiozertyuioazertyuioazertyuiopazertyuizertyuioxcvbghnsdfghjsdfghjk< ,dfghjcvbn,
28215;azertyuzertyuiozertyuiopzertyuiopzertyuiotyuioàazertyuiazertyuiazertyuiazertyuiazertyuiazertyuioazertyuizertyuiazertyuiozertyuioazertyuioazertyuiopazertyuizertyuioxcvbghnsdfghjsdfghjk< ,dfghjcvbn,
28216;azertyuzertyuiozertyuiopzertyuiopzertyuiotyuioàazertyuiazertyuiazertyuiazertyuiazertyuiazertyuioazertyuizertyuiazertyuiozertyuioazertyuioazertyuiopazertyuizertyuioxcvbghnsdfghjsdfghjk< ,dfghjcvbn,
28217;azertyuzertyuiozertyuiopzertyuiopzertyuiotyuioàazertyuiazertyuiazertyuiazertyuiazertyuiazertyuioazertyuizertyuiazertyuiozertyuioazertyuioazertyuiopazertyuizertyuioxcvbghnsdfghjsdfghjk< ,dfghjcvbn,
28218;azertyuzertyuiozertyuiopzertyuiopzertyuiotyuioàazertyuiazertyuiazertyuiazertyuiazertyuiazertyuioazertyuizertyuiazertyuiozertyuioazertyuioazertyuiopazertyuizertyuioxcvbghnsdfghjsdfghjk< ,dfghjcvbn,
28219;azertyuzertyuiozertyuiopzertyuiopzertyuiotyuioàazertyuiazertyuiazertyuiazertyuiazertyuiazertyuioazertyuizertyuiazertyuiozertyuioazertyuioazertyuiopazertyuizertyuioxcvbghnsdfghjsdfghjk< ,dfghjcvbn,
28220;azertyuzertyuiozertyuiopzertyuiopzertyuiotyuioàazertyuiazertyuiazertyuiazertyuiazertyuiazertyuioazertyuizertyuiazertyuiozertyuioazertyuioazertyuiopazertyuizertyuioxcvbghnsdfghjsdfghjk< ,dfghjcvbn,
28221;azertyuzertyuiozertyuiopzertyuiopzertyuiotyuioàazertyuiazertyuiazertyuiazertyuiazertyuiazertyuioazertyuizertyuiazertyuiozertyuioazertyuioazertyuiopazertyuizertyuioxcvbghnsdfghjsdfghjk< ,dfghjcvbn,
28222;azertyuzertyuiozertyuiopzertyuiopzertyuiotyuioàazertyuiazertyuiazertyuiazertyuiazertyuiazertyuioazertyuizertyuiazertyuiozertyuioazertyuioazertyuiopazertyuizertyuioxcvbghnsdfghjsdfghjk< ,dfghjcvbn,
28223;azertyuzertyuiozertyuiopzertyuiopzertyuiotyuioàazertyuiazertyuiazertyuiazertyuiazertyuiazertyuioazertyuizertyuiazertyuiozertyuioazertyuioazertyuiopazertyuizertyuioxcvbghnsdfghjsdfghjk< ,dfghjcvbn,
28200;aaaaaaaaaaaaaaaaaaaaaaaaaaaaaaaaaaaaaaaaaaaaaaaaaaaaaaaaaaaaaaaaaaaaaaaaaaaaaaaaaaaaaaaaaaaaaaaaaaaaaaaaaaaaaaaaaaaaaaaaaaaaaaaaa
28201;azertyuzertyuiozertyuiopzertyuiopzertyuiotyuioàazertyuiazertyuiazertyuiazertyuiazertyuiazertyuioazertyuizertyuiazertyuiozertyuioazertyuioazertyuiopazertyuizertyuioxcvbghnsdfghjsdfghjk< ,dfghjcvbn,
28202;azertyuzertyuiozertyuiopzertyuiopzertyuiotyuioàazertyuiazertyuiazertyuiazertyuiazertyuiazertyuioazertyuizertyuiazertyuiozertyuioazertyuioazertyuiopazertyuizertyuioxcvbghnsdfghjsdfghjk< ,dfghjcvbn,
28203;azertyuzertyuiozertyuiopzertyuiopzertyuiotyuioàazertyuiazertyuiazertyuiazertyuiazertyuiazertyuioazertyuizertyuiazertyuiozertyuioazertyuioazertyuiopazertyuizertyuioxcvbghnsdfghjsdfghjk< ,dfghjcvbn,
28204;azertyuzertyuiozertyuiopzertyuiopzertyuiotyuioàazertyuiazertyuiazertyuiazertyuiazertyuiazertyuioazertyuizertyuiazertyuiozertyuioazertyuioazertyuiopazertyuizertyuioxcvbghnsdfghjsdfghjk< ,dfghjcvbn,
28205;azertyuzertyuiozertyuiopzertyuiopzertyuiotyuioàazertyuiazertyuiazertyuiazertyuiazertyuiazertyuioazertyuizertyuiazertyuiozertyuioazertyuioazertyuiopazertyuizertyuioxcvbghnsdfghjsdfghjk< ,dfghjcvbn,
28206;azertyuzertyuiozertyuiopzertyuiopzertyuiotyuioàazertyuiazertyuiazertyuiazertyuiazertyuiazertyuioazertyuizertyuiazertyuiozertyuioazertyuioazertyuiopazertyuizertyuioxcvbghnsdfghjsdfghjk< ,dfghjcvbn,
28207;azertyuzertyuiozertyuiopzertyuiopzertyuiotyuioàazertyuiazertyuiazertyuiazertyuiazertyuiazertyuioazertyuizertyuiazertyuiozertyuioazertyuioazertyuiopazertyuizertyuioxcvbghnsdfghjsdfghjk< ,dfghjcvbn,
28208;azertyuzertyuiozertyuiopzertyuiopzertyuiotyuioàazertyuiazertyuiazertyuiazertyuiazertyuiazertyuioazertyuizertyuiazertyuiozertyuioazertyuioazertyuiopazertyuizertyuioxcvbghnsdfghjsdfghjk< ,dfghjcvbn,
28209;azertyuzertyuiozertyuiopzertyuiopzertyuiotyuioàazertyuiazertyuiazertyuiazertyuiazertyuiazertyuioazertyuizertyuiazertyuiozertyuioazertyuioazertyuiopazertyuizertyuioxcvbghnsdfghjsdfghjk< ,dfghjcvbn,
28210;azertyuzertyuiozertyuiopzertyuiopzertyuiotyuioàazertyuiazertyuiazertyuiazertyuiazertyuiazertyuioazertyuizertyuiazertyuiozertyuioazertyuioazertyuiopazertyuizertyuioxcvbghnsdfghjsdfghjk< ,dfghjcvbn,
28211;azertyuzertyuiozertyuiopzertyuiopzertyuiotyuioàazertyuiazertyuiazertyuiazertyuiazertyuiazertyuioazertyuizertyuiazertyuiozertyuioazertyuioazertyuiopazertyuizertyuioxcvbghnsdfghjsdfghjk< ,dfghjcvbn,
28212;azertyuzertyuiozertyuiopzertyuiopzertyuiotyuioàazertyuiazertyuiazertyuiazertyuiazertyuiazertyuioazertyuizertyuiazertyuiozertyuioazertyuioazertyuiopazertyuizertyuioxcvbghnsdfghjsdfghjk< ,dfghjcvbn,
28213;azertyuzertyuiozertyuiopzertyuiopzertyuiotyuioàazertyuiazertyuiazertyuiazertyuiazertyuiazertyuioazertyuizertyuiazertyuiozertyuioazertyuioazertyuiopazertyuizertyuioxcvbghnsdfghjsdfghjk< ,dfghjcvbn,
28214;azertyuzertyuiozertyuiopzertyuiopzertyuiotyuioàazertyuiazertyuiazertyuiazertyuiazertyuiazertyuioazertyuizertyuiazertyuiozertyuioazertyuioazertyuiopazertyuizertyuioxcvbghnsdfghjsdfghjk< ,dfghjcvbn,
28215;azertyuzertyuiozertyuiopzertyuiopzertyuiotyuioàazertyuiazertyuiazertyuiazertyuiazertyuiazertyuioazertyuizertyuiazertyuiozertyuioazertyuioazertyuiopazertyuizertyuioxcvbghnsdfghjsdfghjk< ,dfghjcvbn,
28216;azertyuzertyuiozertyuiopzertyuiopzertyuiotyuioàazertyuiazertyuiazertyuiazertyuiazertyuiazertyuioazertyuizertyuiazertyuiozertyuioazertyuioazertyuiopazertyuizertyuioxcvbghnsdfghjsdfghjk< ,dfghjcvbn,
28217;azertyuzertyuiozertyuiopzertyuiopzertyuiotyuioàazertyuiazertyuiazertyuiazertyuiazertyuiazertyuioazertyuizertyuiazertyuiozertyuioazertyuioazertyuiopazertyuizertyuioxcvbghnsdfghjsdfghjk< ,dfghjcvbn,
28218;azertyuzertyuiozertyuiopzertyuiopzertyuiotyuioàazertyuiazertyuiazertyuiazertyuiazertyuiazertyuioazertyuizertyuiazertyuiozertyuioazertyuioazertyuiopazertyuizertyuioxcvbghnsdfghjsdfghjk< ,dfghjcvbn,
28219;azertyuzertyuiozertyuiopzertyuiopzertyuiotyuioàazertyuiazertyuiazertyuiazertyuiazertyuiazertyuioazertyuizertyuiazertyuiozertyuioazertyuioazertyuiopazertyuizertyuioxcvbghnsdfghjsdfghjk< ,dfghjcvbn,
28220;azertyuzertyuiozertyuiopzertyuiopzertyuiotyuioàazertyuiazertyuiazertyuiazertyuiazertyuiazertyuioazertyuizertyuiazertyuiozertyuioazertyuioazertyuiopazertyuizertyuioxcvbghnsdfghjsdfghjk< ,dfghjcvbn,
28221;azertyuzertyuiozertyuiopzertyuiopzertyuiotyuioàazertyuiazertyuiazertyuiazertyuiazertyuiazertyuioazertyuizertyuiazertyuiozertyuioazertyuioazertyuiopazertyuizertyuioxcvbghnsdfghjsdfghjk< ,dfghjcvbn,
28222;azertyuzertyuiozertyuiopzertyuiopzertyuiotyuioàazertyuiazertyuiazertyuiazertyuiazertyuiazertyuioazertyuizertyuiazertyuiozertyuioazertyuioazertyuiopazertyuizertyuioxcvbghnsdfghjsdfghjk< ,dfghjcvbn,
28223;azertyuzertyuiozertyuiopzertyuiopzertyuiotyuioàazertyuiazertyuiazertyuiazertyuiazertyuiazertyuioazertyuizertyuiazertyuiozertyuioazertyuioazertyuiopazertyuizertyuioxcvbghnsdfghjsdfghjk< ,dfghjcvbn,
